Age,Salary,Experience_Years,Department,Gender,Performance_Score,Satisfaction_Level
56,43141.0,17.0,HR,Male,2.06,0.58
46,105356.0,13.0,Operations,Male,2.44,0.48
32,96910.0,17.0,HR,Male,2.04,0.72
60,81044.0,1.0,Operations,Female,2.81,0.58
25,92214.0,21.0,IT,Female,1.13,0.67
38,58827.0,2.0,Marketing,Male,2.12,0.79
56,80820.0,15.0,Operations,Female,2.64,0.65
36,87623.0,8.0,IT,Male,3.41,0.67
40,106734.0,3.0,HR,Female,2.08,0.65
28,100450.0,0.0,HR,Male,1.53,0.5
28,118426.0,3.0,IT,Male,1.3,0.47
41,47299.0,0.0,HR,Male,4.76,0.92
53,68585.0,13.0,IT,Male,2.67,0.69
57,89044.0,20.0,Operations,Male,3.32,0.4
41,67557.0,,Operations,Male,4.68,0.6
20,74080.0,,IT,Female,1.33,0.46
39,27693.0,23.0,Operations,Male,4.51,0.95
19,94163.0,7.0,Operations,Female,3.21,0.21
41,50939.0,6.0,Operations,Male,1.66,0.38
61,73925.0,2.0,Finance,Female,2.65,0.49
47,67941.0,16.0,Marketing,Female,4.11,0.59
55,46834.0,0.0,HR,Female,2.92,0.88
19,43047.0,15.0,Finance,Male,4.94,0.27
38,51105.0,11.0,Operations,Male,2.51,0.84
50,100766.0,18.0,IT,Female,4.0,0.24
29,40707.0,21.0,Operations,Male,2.57,0.87
39,46976.0,22.0,Marketing,Female,4.32,0.24
61,69262.0,21.0,Operations,Male,3.28,0.21
42,48776.0,13.0,IT,Female,1.25,0.76
44,55080.0,5.0,Marketing,Female,1.15,1.0
59,91842.0,5.0,Operations,Male,1.54,0.92
45,86373.0,12.0,Marketing,Female,1.05,0.66
33,31776.0,18.0,HR,Male,1.3,0.93
32,117787.0,21.0,HR,Female,3.77,0.2
64,80016.0,7.0,Operations,Female,3.14,0.98
61,34474.0,1.0,Marketing,Male,4.0,
20,83053.0,20.0,IT,Male,4.65,0.78
54,46959.0,0.0,Operations,Male,3.34,0.86
24,30530.0,14.0,HR,Female,3.9,0.77
38,119856.0,0.0,HR,Male,4.03,0.63
26,28748.0,4.0,Operations,Female,2.51,0.58
56,,15.0,Marketing,Female,1.96,0.87
35,91199.0,18.0,HR,Male,1.82,0.36
21,59766.0,3.0,Marketing,Male,2.01,0.97
42,98530.0,2.0,HR,Female,2.1,0.77
31,118557.0,16.0,HR,Female,1.83,0.36
26,86087.0,16.0,Finance,Male,4.51,0.79
43,93840.0,11.0,HR,Male,4.03,0.62
19,79384.0,13.0,IT,Male,1.19,0.77
37,76005.0,,Operations,Male,2.07,0.81
45,71576.0,5.0,Operations,Male,1.09,0.27
64,64353.0,2.0,Marketing,Female,2.99,
24,87003.0,8.0,HR,Female,2.9,0.95
61,108211.0,4.0,IT,Female,4.33,0.46
25,77733.0,23.0,Marketing,Female,2.23,0.68
64,90318.0,16.0,Finance,Male,4.27,0.5
52,114474.0,13.0,Marketing,Male,4.87,0.56
31,48664.0,20.0,Marketing,Male,1.35,0.64
34,92172.0,2.0,HR,Female,4.17,0.64
53,110616.0,0.0,Finance,Female,3.36,0.36
57,118264.0,19.0,Marketing,Male,2.92,0.75
21,51736.0,20.0,IT,Male,2.68,0.27
19,119209.0,22.0,IT,Female,4.14,0.31
23,25854.0,0.0,Operations,Female,3.56,0.2
59,115084.0,2.0,Finance,Male,4.22,0.29
21,63623.0,17.0,Finance,Male,4.61,0.58
46,32392.0,24.0,Operations,Female,3.47,0.68
35,80680.0,9.0,Marketing,Male,4.92,0.84
43,71717.0,21.0,Finance,Male,3.43,0.29
61,112092.0,2.0,IT,Male,3.55,0.88
51,75859.0,7.0,IT,Female,3.22,0.8
27,51309.0,13.0,HR,Female,1.36,0.53
53,112455.0,23.0,Finance,Female,3.91,0.95
31,88734.0,17.0,Marketing,Female,3.19,0.99
48,95467.0,14.0,Operations,Female,2.8,0.36
32,77662.0,21.0,Operations,Female,4.64,0.5
25,37688.0,22.0,Marketing,Female,2.19,0.94
31,50342.0,1.0,HR,Male,3.09,0.78
40,62157.0,9.0,Operations,Male,3.79,0.24
57,92863.0,1.0,Finance,Male,4.19,0.83
38,77083.0,16.0,HR,Male,2.84,0.86
33,90733.0,7.0,Finance,Male,4.37,0.8
62,114045.0,0.0,IT,Male,4.08,0.84
35,59698.0,8.0,HR,Male,1.26,0.86
64,105623.0,10.0,Operations,Female,1.18,0.35
41,47671.0,21.0,HR,Female,3.48,0.39
43,50184.0,15.0,HR,Male,2.39,0.71
42,118384.0,6.0,HR,Male,1.84,0.93
62,67107.0,,HR,Female,3.32,0.45
58,111202.0,22.0,Finance,Male,2.37,0.67
46,76663.0,2.0,IT,Male,3.15,0.75
32,40708.0,17.0,Marketing,Female,2.84,0.56
62,116906.0,24.0,HR,Male,3.34,0.77
18,74811.0,23.0,Operations,Female,2.6,0.92
42,,12.0,HR,Male,3.79,0.7
24,81250.0,6.0,Operations,Female,1.72,0.63
26,97082.0,24.0,Finance,Female,3.79,0.55
41,59754.0,3.0,Operations,Female,2.65,0.66
18,36411.0,12.0,Marketing,Male,4.5,0.48
61,27911.0,19.0,IT,Female,3.06,0.51
25,92270.0,0.0,Operations,Male,4.89,
41,108763.0,7.0,Operations,Male,3.41,0.25
28,33680.0,13.0,IT,Male,1.9,0.38
34,109896.0,15.0,Marketing,Male,4.29,0.63
25,108879.0,13.0,HR,Female,2.38,0.55
52,96295.0,11.0,Operations,Female,2.39,0.47
52,113614.0,18.0,IT,Male,1.13,0.78
50,36111.0,22.0,Finance,Male,3.19,0.75
22,62504.0,14.0,IT,Female,3.14,0.33
59,26802.0,1.0,Finance,Male,2.42,0.9
56,33155.0,1.0,Marketing,Female,4.58,0.6
58,98656.0,22.0,HR,Male,1.51,0.79
45,,21.0,IT,Male,2.32,0.66
24,,18.0,Operations,Female,2.29,1.0
26,46918.0,24.0,Marketing,Male,1.37,0.8
25,110981.0,21.0,IT,Female,2.92,0.77
29,85713.0,21.0,Operations,Male,3.75,0.82
51,55306.0,16.0,IT,Male,3.05,0.31
50,41646.0,19.0,Finance,Male,1.63,0.36
40,71843.0,9.0,IT,Female,2.51,0.77
41,115735.0,5.0,IT,Male,1.01,0.6
54,41371.0,14.0,IT,Male,4.47,0.8
52,102371.0,21.0,Marketing,Male,1.34,0.28
61,27049.0,10.0,IT,Male,3.39,0.63
57,56616.0,4.0,Operations,Female,4.95,0.5
39,,0.0,Finance,Female,3.15,0.57
44,54855.0,,Finance,Male,4.7,0.68
52,86434.0,20.0,IT,Female,1.94,0.6
18,97694.0,11.0,Marketing,Male,4.04,
52,68016.0,11.0,Marketing,Male,3.13,0.59
54,32400.0,4.0,Operations,Male,3.88,0.53
64,67642.0,6.0,IT,Female,1.25,0.82
31,40151.0,3.0,Finance,Female,1.59,0.21
20,76407.0,5.0,Marketing,Female,1.53,0.68
18,91690.0,12.0,IT,Female,3.75,0.65
22,29499.0,19.0,Marketing,Female,4.38,0.77
43,31295.0,14.0,Marketing,Female,4.0,
31,84040.0,2.0,Finance,Female,1.12,0.86
56,37183.0,22.0,HR,Female,4.47,0.97
44,54299.0,7.0,Operations,Female,2.42,0.47
26,37874.0,19.0,Operations,Male,2.59,0.38
32,57711.0,15.0,Finance,Female,1.42,0.54
32,30539.0,12.0,Marketing,Female,3.95,0.43
43,78351.0,17.0,IT,Female,1.73,0.69
59,86267.0,9.0,Marketing,Female,3.26,0.93
30,73354.0,18.0,Finance,Female,4.36,0.31
49,27557.0,16.0,Operations,Female,1.36,0.28
56,63360.0,23.0,Marketing,Female,3.14,0.4
49,107018.0,18.0,Operations,Female,1.93,0.78
21,27200.0,22.0,IT,Female,2.37,0.67
