CustomerID,Age,Gender,Income,Spent,Group,Purchased
1001,56,Male,49504,270,B,1
1002,46,Male,63209,408,B,1
1003,32,Male,58315,398,A,1
1004,60,Male,56685,386,B,1
1005,25,Male,69212,408,B,1
1006,38,Female,71362,235,B,1
1007,56,Male,52042,161,A,0
1008,36,Male,51362,177,B,0
1009,40,Male,55874,405,B,1
1010,28,Female,25471,543,A,1
1011,28,Female,37272,438,A,1
1012,41,Male,80503,189,B,0
1013,53,Female,84674,350,B,1
1014,57,Male,56264,385,A,1
1015,41,Male,68648,375,A,1
1016,20,Female,64668,205,B,1
1017,39,Male,106183,202,B,1
1018,19,Female,76793,139,B,0
1019,41,Female,58081,443,B,1
1020,61,Male,45666,271,A,1
1021,47,Male,35903,396,B,1
1022,55,Female,63051,432,B,1
1023,19,Male,48654,201,A,1
1024,38,Male,38666,198,B,0
1025,50,Male,50301,317,A,1
1026,29,Female,43776,247,B,1
1027,39,Female,85307,141,B,0
1028,61,Male,73224,142,A,0
1029,42,Female,59880,201,A,1
1030,44,Female,82199,392,B,1
1031,59,Female,61160,194,B,0
1032,45,Female,47080,274,B,1
1033,33,Female,82846,355,A,1
1034,32,Male,68083,218,B,1
1035,64,Male,44441,310,A,1
1036,61,Male,57144,166,A,0
1037,20,Female,46865,354,B,1
1038,54,Female,39258,331,A,1
1039,24,Male,73892,265,B,1
1040,38,Female,88641,482,B,1
1041,26,Male,39021,129,B,0
1042,56,Male,68444,168,B,0
1043,35,Male,50240,311,B,1
1044,21,Female,52693,436,A,1
1045,42,Female,51114,312,A,1
1046,31,Male,47040,308,B,1
1047,26,Male,60727,326,B,1
1048,43,Male,47535,354,A,1
1049,19,Male,64056,304,A,1
1050,37,Female,59246,304,A,1
1051,45,Female,56415,229,A,1
1052,64,Male,46386,477,B,1
1053,24,Male,51348,234,B,1
1054,61,Female,71330,474,A,1
1055,25,Female,67513,382,B,1
1056,64,Male,45336,230,A,1
1057,52,Male,61489,0,B,0
1058,31,Male,71270,389,A,1
1059,34,Female,34958,185,B,0
1060,53,Female,68150,424,A,1
1061,57,Female,50060,232,A,1
1062,21,Male,68558,272,B,1
1063,19,Male,48551,216,A,1
1064,23,Female,32926,197,B,0
1065,59,Female,35586,311,B,1
1066,21,Male,60721,330,A,1
1067,46,Female,63895,338,B,1
1068,35,Female,46435,323,B,1
1069,43,Male,69578,137,B,0
1070,61,Female,35077,380,B,1
1071,51,Male,59008,185,B,0
1072,27,Male,41834,285,A,1
1073,53,Male,50222,294,B,1
1074,31,Male,60710,470,B,1
1075,48,Male,47093,223,B,1
1076,32,Male,54231,208,B,1
1077,25,Male,75094,247,B,1
1078,31,Female,51346,557,A,1
1079,40,Male,72535,345,B,1
1080,57,Male,43054,463,A,1
1081,38,Female,67947,467,A,1
1082,33,Female,81623,244,A,1
1083,62,Female,22925,356,A,1
1084,35,Male,48046,455,B,1
1085,64,Female,68656,262,A,1
1086,41,Male,56954,279,A,1
1087,43,Male,65567,258,B,1
1088,42,Male,50940,389,B,1
1089,62,Male,61298,138,B,0
1090,58,Female,57664,177,A,0
1091,46,Female,77516,367,B,1
1092,32,Male,63816,310,B,1
1093,62,Male,65064,323,A,1
1094,18,Male,53821,370,B,1
1095,42,Female,52685,0,B,0
1096,24,Male,53511,331,B,1
1097,26,Male,65916,171,B,0
1098,41,Female,53685,337,A,1
1099,18,Female,64346,311,B,1
1100,61,Male,91131,414,B,1
1101,25,Female,73066,467,A,1
1102,41,Female,55109,364,B,1
1103,28,Male,78018,229,A,1
1104,34,Female,53878,407,B,1
1105,25,Male,29428,355,A,1
1106,52,Female,44878,307,A,1
1107,52,Male,31938,353,A,1
1108,50,Male,54727,207,A,1
1109,22,Male,60276,220,B,1
1110,59,Female,85146,158,A,0
1111,56,Male,64903,510,B,1
1112,58,Female,56713,209,A,1
1113,45,Male,72441,226,A,1
1114,24,Male,26832,423,A,1
1115,26,Female,63534,255,B,1
1116,25,Male,71562,360,A,1
1117,29,Male,37821,175,B,0
1118,51,Female,77156,273,B,1
1119,50,Male,65077,160,B,0
1120,40,Male,53770,91,B,0
1121,41,Male,69491,176,B,0
1122,54,Male,94060,245,B,1
1123,52,Female,62727,198,B,0
1124,61,Female,63723,166,B,0
1125,57,Male,53109,81,B,0
1126,39,Female,47252,284,A,1
1127,44,Male,72455,370,A,1
1128,52,Female,47158,395,A,1
1129,18,Male,61073,221,A,1
1130,52,Male,52835,166,A,0
1131,54,Male,67184,212,B,1
1132,64,Male,65004,159,B,0
1133,31,Male,75563,288,B,1
1134,20,Male,52349,410,B,1
1135,18,Female,55951,24,B,0
1136,22,Male,45318,263,B,1
1137,43,Female,53335,230,B,1
1138,31,Male,65659,383,A,1
1139,56,Female,71354,308,A,1
1140,44,Female,46167,290,A,1
1141,26,Female,73044,391,A,1
1142,32,Male,80334,154,B,0
1143,32,Male,66201,379,B,1
1144,43,Female,88151,252,B,1
1145,59,Male,48393,233,A,1
1146,30,Female,41330,242,B,1
1147,49,Male,33319,164,B,0
1148,56,Female,82440,68,B,0
1149,49,Female,69815,353,A,1
1150,21,Male,59166,59,B,0
1151,47,Female,64199,302,A,1
1152,54,Male,43117,299,A,1
1153,40,Female,96686,408,A,1
1154,56,Female,61938,347,A,1
1155,62,Male,61640,192,B,0
1156,32,Male,70886,381,A,1
1157,60,Male,67215,439,A,1
1158,46,Female,63358,357,B,1
1159,53,Male,48142,217,B,1
1160,30,Female,67072,168,A,0
1161,49,Female,88230,0,B,0
1162,24,Male,80181,269,A,1
1163,39,Male,83897,239,A,1
1164,45,Female,52331,281,A,1
1165,19,Female,45155,305,A,1
1166,59,Male,58113,259,B,1
1167,62,Male,60835,292,A,1
1168,23,Male,76412,171,B,0
1169,45,Male,34613,270,B,1
1170,45,Male,82943,303,B,1
1171,61,Female,57629,119,B,0
1172,61,Female,53596,285,A,1
1173,37,Female,44818,238,B,1
1174,47,Female,35177,359,A,1
1175,28,Male,72347,334,B,1
1176,45,Male,61099,277,B,1
1177,42,Male,40650,278,A,1
1178,56,Female,40573,449,A,1
1179,50,Female,54963,314,A,1
1180,18,Male,85035,293,B,1
1181,44,Male,56106,112,B,0
1182,30,Female,37452,269,A,1
1183,58,Female,56313,261,A,1
1184,20,Male,55909,317,A,1
1185,56,Male,20000,316,A,1
1186,23,Female,59185,24,B,0
1187,25,Male,56535,343,A,1
1188,44,Male,70443,419,A,1
1189,26,Male,87734,394,A,1
1190,54,Female,76898,151,A,0
1191,50,Female,55966,401,B,1
1192,59,Female,43402,393,A,1
1193,61,Female,98600,366,B,1
1194,41,Female,60888,277,A,1
1195,32,Female,60208,182,A,0
1196,49,Female,59638,463,B,1
1197,49,Male,62971,354,A,1
1198,41,Male,57834,360,B,1
1199,58,Male,51395,370,B,1
1200,29,Male,51797,40,A,0
1201,56,Male,59508,417,B,1
1202,19,Male,51848,219,B,1
1203,20,Male,49307,284,B,1
1204,54,Female,61596,281,B,1
1205,34,Female,56175,233,B,1
1206,19,Male,82559,347,B,1
1207,19,Male,20235,345,B,1
1208,45,Female,76372,40,B,0
1209,40,Male,78691,419,A,1
1210,54,Male,28899,284,A,1
1211,49,Female,54859,373,B,1
1212,50,Male,54428,206,A,1
1213,18,Female,38887,119,B,0
1214,36,Male,48332,200,B,0
1215,19,Female,43341,282,A,1
1216,61,Female,86284,224,B,1
1217,43,Female,74035,213,B,1
1218,49,Male,79073,343,B,1
1219,23,Female,70825,407,B,1
1220,49,Male,43064,279,A,1
1221,21,Male,52132,182,B,0
1222,28,Male,67340,224,B,1
1223,34,Male,41668,47,B,0
1224,55,Female,70694,482,A,1
1225,41,Female,56395,365,B,1
1226,22,Male,54377,251,A,1
1227,51,Male,70664,515,A,1
1228,23,Female,66663,178,B,0
1229,39,Male,54585,246,B,1
1230,28,Female,77389,329,A,1
1231,33,Male,43784,152,B,0
1232,50,Male,69239,456,A,1
1233,26,Female,68896,303,A,1
1234,23,Male,55356,248,B,1
1235,33,Female,64891,315,B,1
1236,46,Male,41233,232,A,1
1237,20,Male,73860,501,A,1
1238,37,Male,57226,313,A,1
1239,53,Female,52159,263,A,1
1240,36,Male,75735,205,B,1
1241,43,Male,49434,218,B,1
1242,20,Male,38873,441,B,1
1243,36,Male,36650,317,B,1
1244,37,Female,69090,214,B,1
1245,49,Female,40793,195,A,0
1246,24,Male,86321,209,B,1
1247,58,Female,28771,390,B,1
1248,50,Male,85446,294,B,1
1249,57,Male,63165,237,B,1
1250,56,Male,58549,303,B,1
1251,35,Female,51826,157,A,0
1252,57,Female,65987,450,A,1
1253,18,Female,59435,267,A,1
1254,28,Female,76549,267,B,1
1255,45,Female,61713,432,A,1
1256,42,Female,62254,355,A,1
1257,40,Female,54545,326,B,1
1258,48,Female,59145,310,B,1
1259,47,Female,64617,33,B,0
1260,59,Male,34347,392,A,1
1261,52,Female,39777,305,A,1
1262,24,Female,71148,175,B,0
1263,33,Female,62562,229,B,1
1264,43,Female,57240,350,A,1
1265,19,Female,60276,353,A,1
1266,18,Female,65213,339,B,1
1267,29,Female,51903,121,B,0
1268,22,Female,48325,216,A,1
1269,54,Female,62937,498,B,1
1270,49,Female,45324,103,A,0
1271,26,Female,66123,505,A,1
1272,58,Male,34461,189,A,0
1273,52,Male,75437,277,A,1
1274,36,Female,67088,485,B,1
1275,33,Female,63840,102,B,0
1276,20,Male,74740,381,A,1
1277,37,Female,84982,386,A,1
1278,41,Male,75215,241,A,1
1279,50,Male,32386,283,A,1
1280,41,Male,40806,328,A,1
1281,28,Male,50627,280,B,1
1282,25,Male,60391,306,B,1
1283,53,Female,67764,380,B,1
1284,55,Male,49113,261,B,1
1285,57,Female,62801,366,A,1
1286,37,Female,48669,417,A,1
1287,52,Male,50827,318,A,1
1288,42,Male,38900,170,A,0
1289,52,Female,46151,339,A,1
1290,42,Male,39724,205,B,1
1291,46,Male,45361,247,A,1
1292,35,Female,75804,246,B,1
1293,63,Female,45759,385,B,1
1294,35,Male,99485,243,B,1
1295,19,Female,67399,37,B,0
1296,52,Male,62772,470,A,1
1297,33,Male,47124,141,B,0
1298,58,Male,70504,171,B,0
1299,53,Female,51365,178,B,0
1300,50,Female,61830,123,A,0
1301,21,Female,98401,375,A,1
1302,50,Female,58559,338,A,1
1303,31,Female,77239,376,B,1
1304,38,Male,49452,276,B,1
1305,37,Male,59475,286,A,1
1306,25,Male,86562,284,B,1
1307,24,Male,50595,279,A,1
1308,20,Female,87186,214,A,1
1309,34,Male,70616,316,B,1
1310,50,Female,51562,260,B,1
1311,29,Male,69486,226,B,1
1312,39,Female,74588,231,B,1
1313,39,Female,69327,180,A,0
1314,63,Male,36446,344,A,1
1315,47,Male,49092,419,A,1
1316,55,Male,56287,239,A,1
1317,55,Male,58883,286,A,1
1318,62,Female,69310,273,B,1
1319,25,Male,62665,221,A,1
1320,44,Male,39969,364,A,1
1321,44,Female,65702,287,A,1
1322,51,Male,69158,363,B,1
1323,38,Male,68396,157,B,0
1324,47,Male,76211,298,B,1
1325,50,Male,72508,133,B,0
1326,45,Male,66887,262,A,1
1327,64,Female,58947,472,A,1
1328,50,Male,35085,353,B,1
1329,22,Male,66444,364,B,1
1330,36,Male,63115,393,A,1
1331,21,Male,64073,158,A,0
1332,52,Male,40848,311,B,1
1333,34,Female,43784,173,B,0
1334,61,Male,75797,301,B,1
1335,45,Female,59406,346,B,1
1336,47,Female,70222,555,A,1
1337,46,Male,60424,243,A,1
1338,63,Male,60446,318,A,1
1339,23,Male,74074,292,B,1
1340,52,Male,52259,378,B,1
1341,58,Female,61441,506,A,1
1342,54,Male,53065,420,A,1
1343,41,Male,53482,402,A,1
1344,46,Male,55362,359,A,1
1345,63,Male,63332,168,B,0
1346,48,Male,52818,244,A,1
1347,52,Male,78836,218,A,1
1348,50,Female,46580,299,A,1
1349,38,Female,57196,282,A,1
1350,49,Male,53404,254,A,1
1351,40,Male,81704,369,A,1
1352,50,Male,62948,395,A,1
1353,20,Female,75477,329,B,1
1354,35,Male,37716,362,B,1
1355,42,Female,64005,57,B,0
1356,59,Male,73344,158,B,0
1357,48,Male,61234,228,A,1
1358,20,Male,75982,137,B,0
1359,57,Male,52240,349,B,1
1360,63,Female,81140,287,A,1
1361,41,Female,94483,451,A,1
1362,49,Male,54557,9,B,0
1363,64,Male,53317,326,B,1
1364,39,Female,81800,485,A,1
1365,40,Female,83693,257,B,1
1366,19,Female,52157,358,A,1
1367,44,Female,53697,277,A,1
1368,59,Male,55773,204,A,1
1369,19,Female,39833,262,A,1
1370,43,Male,46220,272,B,1
1371,34,Female,44937,488,A,1
1372,57,Female,48483,454,A,1
1373,50,Female,59479,275,B,1
1374,26,Female,63513,188,A,0
1375,60,Female,83257,346,B,1
1376,56,Male,45024,133,B,0
1377,46,Male,74764,307,B,1
1378,59,Female,56790,285,A,1
1379,43,Female,59258,377,B,1
1380,52,Male,70122,581,B,1
1381,42,Female,43159,351,A,1
1382,41,Female,65736,188,B,0
1383,30,Male,62496,246,B,1
1384,24,Female,67386,37,B,0
1385,53,Female,64337,166,B,0
1386,62,Male,96829,200,B,0
1387,37,Male,50433,466,A,1
1388,18,Male,52035,268,B,1
1389,25,Female,50652,151,B,0
1390,63,Male,51667,346,A,1
1391,33,Male,50439,200,A,0
1392,31,Male,77835,330,A,1
1393,29,Male,81307,210,B,1
1394,40,Male,51438,422,A,1
1395,32,Male,47514,349,B,1
1396,45,Female,67071,145,B,0
1397,51,Female,51716,212,A,1
1398,19,Male,69493,217,A,1
1399,49,Male,63043,88,B,0
1400,40,Male,37263,336,A,1
1401,39,Female,83212,192,B,0
1402,42,Female,86938,219,A,1
1403,39,Female,50808,449,A,1
1404,39,Female,54184,272,A,1
1405,59,Female,64287,352,B,1
1406,23,Female,65016,225,A,1
1407,32,Female,69878,296,B,1
1408,60,Female,90153,237,B,1
1409,54,Female,57345,281,B,1
1410,50,Male,48025,180,B,0
1411,25,Male,39310,306,A,1
1412,61,Male,49036,233,B,1
1413,61,Male,59503,420,B,1
1414,22,Female,86918,247,A,1
1415,56,Female,52235,365,B,1
1416,21,Male,63356,174,A,0
1417,23,Female,59753,260,B,1
1418,62,Male,77825,164,A,0
1419,49,Female,97903,175,B,0
1420,47,Male,52036,296,A,1
1421,64,Female,52658,323,B,1
1422,52,Female,75662,394,B,1
1423,57,Male,70228,226,A,1
1424,33,Female,87700,218,A,1
1425,30,Male,68758,320,A,1
1426,59,Male,54610,414,A,1
1427,47,Male,68859,76,B,0
1428,36,Male,76630,0,B,0
1429,34,Female,72307,342,A,1
1430,36,Female,67609,103,B,0
1431,45,Female,76000,317,A,1
1432,43,Male,77539,263,A,1
1433,54,Female,80732,195,B,0
1434,43,Male,69730,424,B,1
1435,40,Female,57493,289,B,1
1436,26,Female,62200,286,B,1
1437,29,Female,78097,324,B,1
1438,18,Male,47745,113,B,0
1439,18,Female,65530,374,B,1
1440,64,Female,54099,199,A,0
1441,51,Male,60431,361,A,1
1442,49,Female,79176,505,A,1
1443,42,Male,62866,302,A,1
1444,57,Female,60696,227,A,1
1445,62,Male,39602,295,B,1
1446,18,Male,71193,437,A,1
1447,33,Female,69682,235,A,1
1448,56,Male,92448,220,A,1
1449,22,Male,55383,251,A,1
1450,39,Male,63287,204,A,1
1451,46,Male,63740,312,A,1
1452,20,Male,83661,462,A,1
1453,29,Male,58570,210,B,1
1454,43,Female,64185,322,B,1
1455,33,Male,69118,270,A,1
1456,54,Male,62799,230,B,1
1457,39,Female,53303,254,B,1
1458,46,Female,62911,129,B,0
1459,31,Female,76104,338,B,1
1460,45,Female,44602,619,A,1
1461,22,Female,61994,222,B,1
1462,64,Female,49498,130,B,0
1463,47,Female,77925,0,B,0
1464,63,Male,37152,414,A,1
1465,22,Male,51616,311,A,1
1466,29,Female,65658,156,A,0
1467,33,Male,83482,391,A,1
1468,43,Male,59013,233,A,1
1469,43,Male,51672,487,A,1
1470,38,Female,88217,408,A,1
1471,56,Female,38279,108,B,0
1472,53,Male,27017,383,B,1
1473,50,Female,66600,335,B,1
1474,47,Male,52469,385,A,1
1475,54,Male,44681,348,A,1
1476,40,Male,70625,215,A,1
1477,27,Male,63657,235,A,1
1478,22,Female,51538,402,A,1
1479,53,Female,40795,207,B,1
1480,51,Female,73086,181,B,0
1481,48,Male,69753,204,A,1
1482,27,Female,58512,342,A,1
1483,36,Male,87699,506,A,1
1484,49,Female,43948,193,A,0
1485,18,Male,37117,269,B,1
1486,22,Male,49621,441,A,1
1487,62,Male,59316,292,A,1
1488,21,Female,63650,345,A,1
1489,33,Female,56381,193,A,0
1490,41,Female,65280,428,B,1
1491,33,Female,41226,281,A,1
1492,19,Male,81656,398,A,1
1493,45,Female,58767,237,B,1
1494,49,Female,76759,52,B,0
1495,44,Male,65140,228,B,1
1496,37,Male,66851,332,A,1
1497,41,Male,68546,319,A,1
1498,29,Female,66715,277,B,1
1499,52,Male,69640,98,B,0
1500,50,Male,79937,176,B,0
