study_hours,exam_score,teaching_method
6.0,72.1,A
4.7,71.6,A
6.3,62.3,A
8.0,76.2,B
4.5,57.7,B
4.5,60.2,A
8.2,85.1,B
6.5,62.2,B
4.1,61.9,B
6.1,69.8,B
4.1,75.8,A
4.1,59.2,A
5.5,76.5,B
1.2,45.9,B
1.6,48.1,A
3.9,66.6,A
3.0,54.1,B
5.6,72.6,A
3.2,54.9,B
2.2,46.9,B
7.9,87.5,A
4.5,68.1,A
5.1,78.1,B
2.2,46.5,B
3.9,78.5,A
5.2,55.0,B
2.7,55.1,A
5.8,76.6,B
3.8,64.9,A
4.4,68.1,A
3.8,66.5,A
8.7,87.2,B
5.0,59.9,B
2.9,63.0,A
6.6,79.7,B
2.6,53.4,A
5.4,73.0,A
1.1,47.1,B
2.3,57.8,B
5.4,77.2,A
6.5,69.1,B
5.3,59.6,B
4.8,73.7,A
4.4,74.4,A
2.0,48.6,B
3.6,63.5,A
4.1,74.9,A
7.1,76.0,B
5.7,78.4,A
1.5,52.0,A
5.6,65.6,B
4.2,64.9,B
3.6,69.6,A
6.2,84.0,A
7.1,87.0,B
6.9,80.1,B
3.3,60.1,B
4.4,60.4,B
5.7,78.3,A
7.0,76.2,B
4.0,62.3,B
4.6,73.9,A
2.8,52.0,B
2.6,67.7,A
6.6,66.4,B
7.7,66.2,B
4.9,70.8,B
7.0,77.5,A
5.7,76.3,A
3.7,62.0,B
5.7,71.1,A
8.1,82.4,A
4.9,65.4,A
8.1,74.7,A
0.0,49.9,A
6.6,75.6,A
5.2,57.9,B
4.4,60.6,B
5.2,75.8,A
1.0,41.7,B
4.6,59.8,B
5.7,65.1,B
8.0,73.9,B
4.0,62.5,A
3.4,54.8,B
4.0,62.2,B
6.8,75.0,A
5.7,71.6,A
3.9,56.2,B
6.0,66.9,B
5.2,70.6,B
6.9,78.9,B
3.6,61.8,B
4.3,57.3,B
4.2,62.0,A
2.1,47.3,B
5.6,71.6,B
5.5,73.3,A
5.0,70.8,A
4.5,60.6,A
2.2,57.0,A
4.2,66.4,B
4.3,61.5,B
3.4,60.4,B
4.7,68.3,B
5.8,64.5,B
8.8,93.0,B
5.3,74.4,A
5.5,68.7,B
4.9,66.5,A
1.2,50.7,A
4.9,64.7,B
5.1,76.4,A
9.9,99.5,B
4.6,74.4,A
5.6,59.9,B
4.9,69.5,A
2.7,51.8,B
7.3,92.6,B
6.5,71.1,B
