Transaction_ID,Gender,Income,Age,Join_Date,Department,Product_Rating,Sales_Amount
ID_1,Male,55000.50,34,2020-03-23,Sales,4/5 stars,2300.10
ID_2,female,"$62,000",28,15/04/2021,Engineering,5,4000.00
ID_3,F,,500,Unknown,HR,3.5,1200.50
ID_4,M,48000.00,-5,2020-11-01,Marketing,2/5 stars,1500.20
ID_5,Male,120000.00,45,2021-01-10,Sales,4,3000.00
ID_6,woman,55000.00,34,2020-03-23,Support,Not Rated,800.00
ID_7,Fem,95000,52,2019-05-15,Engineering,5 stars,5000.00
ID_8,Male,72000.00,nan,01/02/2022,Marketing,3,2100.00
ID_9,M,"$10,500,000",31,2020-08-20,Sales,1,200.00
ID_10,Male,49000,29,Unknown,HR,4.2,1800.50
ID_1,Male,55000.50,34,2020-03-23,Sales,4/5 stars,2300.10
ID_11,male,67000,120,2021-06-12,Engineering,3/5,3200.10
ID_12,F,,25,23/09/2020,Support,,900.00
ID_13,Female,81000.50,40,2019-12-05,Sales,5,2700.00
ID_14,M,55000,34,2020-03-23,Sales,nan,2300.10
ID_15,woman,"$45000",30,12/12/2021,HR,2,1100.00
ID_16,Male,60000.00,33,2021-04-01,Marketing,3 stars,1900.00
ID_17,F,1500000,27,2022-01-01,Engineering,4,4500.00
ID_18,male,38000,22,2020-07-07,Support,1/5,600.50
ID_19,Female,,65,nan,HR,5,2400.00
ID_20,M,92000.00,38,2019-09-09,Sales,4.5,3100.00
ID_21,Male,55000.50,34,2020-03-23,Sales,4/5 stars,2300.10
ID_22,female,75000,200,2021-11-20,Engineering,3,3800.00
ID_23,F,58000.00,29,05/05/2021,Marketing,2.5,1400.00
ID_24,Male,"$110,000",41,Unknown,Sales,5 stars,3300.00
ID_25,male,42000,24,2020-02-14,Support,4,750.00
ID_1,Male,55000.50,34,2020-03-23,Sales,4/5 stars,2300.10
ID_26,Female,64000.00,32,18/08/2020,HR,3,1750.00
ID_27,M,,nan,2021-03-30,Engineering,nan,2900.00
ID_28,F,180000.00,55,2019-10-10,Sales,4/5,4100.00
ID_29,Male,51000,28,09/09/2021,Marketing,1 star,1300.00
ID_30,female,39000.50,21,2022-02-28,Support,3.8,500.00